<?xml version="1.0" encoding="UTF-8"?>
<beans 
	xmlns="http://www.springframework.org/schema/beans"
    xmlns:xsi="http://www.w3.org/2001/XMLSchema-instance"
    xmlns:context="http://www.springframework.org/schema/context" 
    xmlns:mvc="http://www.springframework.org/schema/mvc" 
    xsi:schemaLocation="
        http://www.springframework.org/schema/beans 
        http://www.springframework.org/schema/beans/spring-beans.xsd
        http://www.springframework.org/schema/context 
        http://www.springframework.org/schema/context/spring-context.xsd
        http://www.springframework.org/schema/mvc 
        http://www.springframework.org/schema/mvc/spring-mvc.xsd
        http://www.springframework.org/schema/
        http://www.springframework.org/schema/context/spring-context.xsd"> 
        
        <!-- bean definitions here -->

		<!-- component scan -->
		<context:component-scan base-package="controller"></context:component-scan>

		<!-- step 4: view resolver config internalResolverViewReso..-->

		<bean id="internalResourceViewResolver" class="org.springframework.web.servlet.view.InternalResourceViewResolver">
		
			<property name="prefix" value="/WEB-INF/views/"></property>
			<property name="suffix" value=".jsp"></property>
		</bean>

		<bean id="driverManagerDataSource" class="org.springframework.jdbc.datasource.DriverManagerDataSource">
			<property name="driverClassName" value="com.mysql.jdbc.Driver"></property>
			<property name="url" value="jdbc:mysql://localhost:3306/db_world"></property>
			<property name="username" value="root"></property>
			<property name="password" value="root"></property>
		</bean>
		
		<bean id="jdbcTemplate" class="org.springframework.jdbc.core.JdbcTemplate">
			<property name="dataSource" ref="driverManagerDataSource"></property>
		</bean>
		
		<bean id="studDao" class="controller.StudentsDao">
			<property name="jdbcTemplate" ref="jdbcTemplate"></property>
		</bean>
</beans>
