<?xml version="1.0" encoding="UTF-8"?>
<!DOCTYPE hibernate-mapping PUBLIC  
 "-//Hibernate/Hibernate Mapping DTD 5.3//EN"  
 "http://hibernate.sourceforge.net/hibernate-mapping-5.3.dtd">  
  
 <hibernate-mapping> 

<class name="com.javatpoint.mypackage.CompMappEmp" table="componentmapp">  
	<id name="id">  
	<generator class="increment"></generator>  
	</id>  
	<property name="name"></property>  
	  
	<component name="address" class="com.javatpoint.mypackage.CompMappAddr">  
		<property name="city"></property>  
		<property name="country"></property>  
		<property name="pincode"></property>  
	</component>  
	  
	</class> 
	
</hibernate-mapping>