<?xml version='1.0' encoding='UTF-8'?>  
<!DOCTYPE hibernate-configuration PUBLIC  
          "-//Hibernate/Hibernate Configuration DTD 5.3//EN"  
          "http://hibernate.sourceforge.net/hibernate-configuration-5.3.dtd">  
  
<hibernate-configuration>  
  
    <session-factory>  
        <property name="hbm2ddl.auto">update</property>  
        <property name="dialect">org.hibernate.dialect.MySQLDialect</property>  
        <property name="connection.url">jdbc:mysql://localhost:3306/db_world</property>  
        <property name="connection.username">root</property>  
        <property name="connection.password">root</property>  
        <property name="connection.driver_class">com.mysql.jdbc.Driver</property> 
        
        <property name="hibernate.current_session_context_class">thread</property>
        <property name="hibernate.show_sql">true</property>
        
        <mapping resource="product.hbm.xml"/>
        <mapping resource="assign2_product.hbm.xml"></mapping>
        <mapping class="com.hibernate.Assign3_product"></mapping>
         <mapping resource="com/ecommerce/EProduct.hbm.xml"/>
    <mapping resource="com/ecommerce/Color.hbm.xml"/>
    <mapping resource="com/ecommerce/ScreenSizes.hbm.xml"/>
    <mapping resource="com/ecommerce/Os.hbm.xml"/>
    <mapping resource="com/ecommerce/Finance.hbm.xml"/>
    </session-factory>  

</hibernate-configuration>